{"cameraMode":{"drawMode":0,"name":"Shaded","section":"Shading Mode"},"sceneLighting":false,"audioPlay":false,"sceneViewState":{"m_AlwaysRefresh":false,"showFog":true,"showSkybox":false,"showFlares":true,"showImageEffects":true,"showParticleSystems":true,"showVisualEffectGraphs":true,"m_FxEnabled":true},"in2DMode":false,"pivot":{"x":16.4647274017334,"y":1.9304871559143067,"z":50.32228469848633},"rotation":{"x":0.0055143022909760479,"y":0.9843490719795227,"z":-0.17334076762199403,"w":0.03131384029984474},"size":0.6123724579811096,"orthographic":false}