{"cameraMode":{"drawMode":0,"name":"Shaded","section":"Shading Mode"},"sceneLighting":false,"audioPlay":false,"sceneViewState":{"m_AlwaysRefresh":false,"showFog":true,"showSkybox":false,"showFlares":true,"showImageEffects":true,"showParticleSystems":true,"showVisualEffectGraphs":true,"m_FxEnabled":true},"in2DMode":false,"pivot":{"x":-5.960464477539063e-8,"y":0.017648547887802125,"z":-0.0029287971556186678},"rotation":{"x":-0.3369566798210144,"y":-0.4854985475540161,"z":0.21003839373588563,"w":-0.7788706421852112},"size":0.10074889659881592,"orthographic":false}