{"cameraMode":{"drawMode":0,"name":"Shaded","section":"Shading Mode"},"sceneLighting":false,"audioPlay":false,"sceneViewState":{"m_AlwaysRefresh":false,"showFog":true,"showSkybox":false,"showFlares":true,"showImageEffects":true,"showParticleSystems":true,"showVisualEffectGraphs":true,"m_FxEnabled":true},"in2DMode":false,"pivot":{"x":-1.1920928955078126e-7,"y":0.17706775665283204,"z":1.2891682388271875e-8},"rotation":{"x":-0.3369566798210144,"y":-0.4854985475540161,"z":0.21003839373588563,"w":-0.7788706421852112},"size":2.0444161891937258,"orthographic":false}