{"cameraMode":{"drawMode":0,"name":"Shaded","section":"Shading Mode"},"sceneLighting":false,"audioPlay":false,"sceneViewState":{"m_AlwaysRefresh":false,"showFog":true,"showSkybox":false,"showFlares":true,"showImageEffects":true,"showParticleSystems":true,"showVisualEffectGraphs":true,"m_FxEnabled":true},"in2DMode":false,"pivot":{"x":16.423011779785158,"y":1.899564266204834,"z":50.33210754394531},"rotation":{"x":0.002576703205704689,"y":0.9823225736618042,"z":-0.18668995797634126,"w":0.013557914644479752},"size":0.6123724579811096,"orthographic":false}