{"cameraMode":{"drawMode":0,"name":"Shaded","section":"Shading Mode"},"sceneLighting":false,"audioPlay":false,"sceneViewState":{"m_AlwaysRefresh":false,"showFog":true,"showSkybox":false,"showFlares":true,"showImageEffects":true,"showParticleSystems":true,"showVisualEffectGraphs":true,"m_FxEnabled":true},"in2DMode":false,"pivot":{"x":2.2104406356811525,"y":1.4181206226348878,"z":0.8705587387084961},"rotation":{"x":-0.3369566798210144,"y":-0.4854985475540161,"z":0.21003839373588563,"w":-0.7788706421852112},"size":3.7478127479553224,"orthographic":false}